id,image_link
1606760734,https://suporte842.github.io/rb-catalogos/use-mendes/img/biquini-ana-reggae.jpg
1606760735,https://suporte842.github.io/rb-catalogos/use-mendes/img/biquini-ana-reggae.jpg
1606760736,https://suporte842.github.io/rb-catalogos/use-mendes/img/biquini-ana-reggae.jpg
1606760737,https://suporte842.github.io/rb-catalogos/use-mendes/img/biquini-ana-reggae.jpg
1606760738,https://suporte842.github.io/rb-catalogos/use-mendes/img/biquini-ana-reggae.jpg
1606760739,https://suporte842.github.io/rb-catalogos/use-mendes/img/biquini-ana-reggae.jpg
1606760740,https://suporte842.github.io/rb-catalogos/use-mendes/img/biquini-ana-reggae.jpg
1606760741,https://suporte842.github.io/rb-catalogos/use-mendes/img/biquini-ana-reggae.jpg
1606760742,https://suporte842.github.io/rb-catalogos/use-mendes/img/biquini-ana-reggae.jpg
1606729177,https://suporte842.github.io/rb-catalogos/use-mendes/img/biquini-aura-amarelo-manteiga.jpg
1606729178,https://suporte842.github.io/rb-catalogos/use-mendes/img/biquini-aura-amarelo-manteiga.jpg
1606729180,https://suporte842.github.io/rb-catalogos/use-mendes/img/biquini-aura-amarelo-manteiga.jpg
1606729181,https://suporte842.github.io/rb-catalogos/use-mendes/img/biquini-aura-amarelo-manteiga.jpg
1606729182,https://suporte842.github.io/rb-catalogos/use-mendes/img/biquini-aura-amarelo-manteiga.jpg
1606729183,https://suporte842.github.io/rb-catalogos/use-mendes/img/biquini-aura-amarelo-manteiga.jpg
1606729184,https://suporte842.github.io/rb-catalogos/use-mendes/img/biquini-aura-amarelo-manteiga.jpg
1606729185,https://suporte842.github.io/rb-catalogos/use-mendes/img/biquini-aura-amarelo-manteiga.jpg
1606729186,https://suporte842.github.io/rb-catalogos/use-mendes/img/biquini-aura-amarelo-manteiga.jpg
1607469851,https://suporte842.github.io/rb-catalogos/use-mendes/img/biquini-aura-azul.jpg
1607469853,https://suporte842.github.io/rb-catalogos/use-mendes/img/biquini-aura-azul.jpg
1607469854,https://suporte842.github.io/rb-catalogos/use-mendes/img/biquini-aura-azul.jpg
1607469855,https://suporte842.github.io/rb-catalogos/use-mendes/img/biquini-aura-azul.jpg
1607469856,https://suporte842.github.io/rb-catalogos/use-mendes/img/biquini-aura-azul.jpg
1606730845,https://suporte842.github.io/rb-catalogos/use-mendes/img/biquini-aura-azul.jpg
1606730846,https://suporte842.github.io/rb-catalogos/use-mendes/img/biquini-aura-azul.jpg
1606730847,https://suporte842.github.io/rb-catalogos/use-mendes/img/biquini-aura-azul.jpg
1607469857,https://suporte842.github.io/rb-catalogos/use-mendes/img/biquini-aura-azul.jpg
1606730848,https://suporte842.github.io/rb-catalogos/use-mendes/img/biquini-aura-azul.jpg
1606730850,https://suporte842.github.io/rb-catalogos/use-mendes/img/biquini-aura-azul.jpg
1606730852,https://suporte842.github.io/rb-catalogos/use-mendes/img/biquini-aura-azul.jpg
1607469858,https://suporte842.github.io/rb-catalogos/use-mendes/img/biquini-aura-azul.jpg
1606730853,https://suporte842.github.io/rb-catalogos/use-mendes/img/biquini-aura-azul.jpg
1606730854,https://suporte842.github.io/rb-catalogos/use-mendes/img/biquini-aura-azul.jpg
1606730855,https://suporte842.github.io/rb-catalogos/use-mendes/img/biquini-aura-azul.jpg
1606728736,https://suporte842.github.io/rb-catalogos/use-mendes/img/biquini-aura-preto.jpg
1606728737,https://suporte842.github.io/rb-catalogos/use-mendes/img/biquini-aura-preto.jpg
1606728738,https://suporte842.github.io/rb-catalogos/use-mendes/img/biquini-aura-preto.jpg
1606728739,https://suporte842.github.io/rb-catalogos/use-mendes/img/biquini-aura-preto.jpg
1606728740,https://suporte842.github.io/rb-catalogos/use-mendes/img/biquini-aura-preto.jpg
1606728742,https://suporte842.github.io/rb-catalogos/use-mendes/img/biquini-aura-preto.jpg
1606728743,https://suporte842.github.io/rb-catalogos/use-mendes/img/biquini-aura-preto.jpg
1606728744,https://suporte842.github.io/rb-catalogos/use-mendes/img/biquini-aura-preto.jpg
1606728745,https://suporte842.github.io/rb-catalogos/use-mendes/img/biquini-aura-preto.jpg
1509799907,https://suporte842.github.io/rb-catalogos/use-mendes/img/biquini-manu-azul.jpg
1509799926,https://suporte842.github.io/rb-catalogos/use-mendes/img/biquini-manu-azul.jpg
1509799931,https://suporte842.github.io/rb-catalogos/use-mendes/img/biquini-manu-azul.jpg
1509799940,https://suporte842.github.io/rb-catalogos/use-mendes/img/biquini-manu-azul.jpg
1509799946,https://suporte842.github.io/rb-catalogos/use-mendes/img/biquini-manu-azul.jpg
1509799951,https://suporte842.github.io/rb-catalogos/use-mendes/img/biquini-manu-azul.jpg
1509799954,https://suporte842.github.io/rb-catalogos/use-mendes/img/biquini-manu-azul.jpg
1509799958,https://suporte842.github.io/rb-catalogos/use-mendes/img/biquini-manu-azul.jpg
1509799961,https://suporte842.github.io/rb-catalogos/use-mendes/img/biquini-manu-azul.jpg
1606743331,https://suporte842.github.io/rb-catalogos/use-mendes/img/biquini-maya-preto.jpg
1606743332,https://suporte842.github.io/rb-catalogos/use-mendes/img/biquini-maya-preto.jpg
1606743333,https://suporte842.github.io/rb-catalogos/use-mendes/img/biquini-maya-preto.jpg
1606743334,https://suporte842.github.io/rb-catalogos/use-mendes/img/biquini-maya-preto.jpg
1606743336,https://suporte842.github.io/rb-catalogos/use-mendes/img/biquini-maya-preto.jpg
1606743337,https://suporte842.github.io/rb-catalogos/use-mendes/img/biquini-maya-preto.jpg
1606743338,https://suporte842.github.io/rb-catalogos/use-mendes/img/biquini-maya-preto.jpg
1606743339,https://suporte842.github.io/rb-catalogos/use-mendes/img/biquini-maya-preto.jpg
1606743340,https://suporte842.github.io/rb-catalogos/use-mendes/img/biquini-maya-preto.jpg
1096230362,https://suporte842.github.io/rb-catalogos/use-mendes/img/biquini-ritta-preto-branco.jpg
1096230363,https://suporte842.github.io/rb-catalogos/use-mendes/img/biquini-ritta-preto-branco.jpg
1096230365,https://suporte842.github.io/rb-catalogos/use-mendes/img/biquini-ritta-preto-branco.jpg
1593344191,https://suporte842.github.io/rb-catalogos/use-mendes/img/biquini-angel-preto.jpg
1593344193,https://suporte842.github.io/rb-catalogos/use-mendes/img/biquini-angel-preto.jpg
1593344196,https://suporte842.github.io/rb-catalogos/use-mendes/img/biquini-angel-preto.jpg
1593344199,https://suporte842.github.io/rb-catalogos/use-mendes/img/biquini-angel-preto.jpg
1593344202,https://suporte842.github.io/rb-catalogos/use-mendes/img/biquini-angel-preto.jpg
1593344205,https://suporte842.github.io/rb-catalogos/use-mendes/img/biquini-angel-preto.jpg
1593344206,https://suporte842.github.io/rb-catalogos/use-mendes/img/biquini-angel-preto.jpg
1593344208,https://suporte842.github.io/rb-catalogos/use-mendes/img/biquini-angel-preto.jpg
1593344210,https://suporte842.github.io/rb-catalogos/use-mendes/img/biquini-angel-preto.jpg
1593341630,https://suporte842.github.io/rb-catalogos/use-mendes/img/biquini-angel-rosa.jpg
1593341631,https://suporte842.github.io/rb-catalogos/use-mendes/img/biquini-angel-rosa.jpg
1593341633,https://suporte842.github.io/rb-catalogos/use-mendes/img/biquini-angel-rosa.jpg
1593341635,https://suporte842.github.io/rb-catalogos/use-mendes/img/biquini-angel-rosa.jpg
1593341637,https://suporte842.github.io/rb-catalogos/use-mendes/img/biquini-angel-rosa.jpg
1593341639,https://suporte842.github.io/rb-catalogos/use-mendes/img/biquini-angel-rosa.jpg
1593341641,https://suporte842.github.io/rb-catalogos/use-mendes/img/biquini-angel-rosa.jpg
1593341643,https://suporte842.github.io/rb-catalogos/use-mendes/img/biquini-angel-rosa.jpg
1593341646,https://suporte842.github.io/rb-catalogos/use-mendes/img/biquini-angel-rosa.jpg
